case_id,patient_id,fold,y_true,p_calibrated,uncertainty_std,risk_band
Case-01,4,0,0,0.4888015687465668,0.1100620403885841,LOW-MOD
Case-02,3,1,0,0.7486288547515869,0.0719646215438842,MODERATE
Case-03,16,2,1,0.0713240280747413,0.0971451550722122,LOW
Case-04,11,1,1,0.7463575005531311,0.0656441897153854,MODERATE
Case-05,25,1,1,0.8279848694801331,0.042098544538021,HIGH
Case-06,45,1,1,0.8694992661476135,0.0343345925211906,HIGH
Case-07,31,0,1,0.941101610660553,0.0508298650383949,HIGH
Case-08,41,2,1,0.9810777306556702,0.0597200915217399,HIGH
